{
  "Get characters" : {
    "transaction" : "Get characters",
    "sampleCount" : 2000,
    "errorCount" : 704,
    "errorPct" : 35.2,
    "meanResTime" : 544.3234999999981,
    "medianResTime" : 198.5,
    "minResTime" : 2.0,
    "maxResTime" : 8865.0,
    "pct1ResTime" : 1045.0,
    "pct2ResTime" : 4108.999999999996,
    "pct3ResTime" : 8363.95,
    "throughput" : 195.9631589261219,
    "receivedKBytesPerSec" : 239.90770594503235,
    "sentKBytesPerSec" : 15.625
  },
  "Get character/id" : {
    "transaction" : "Get character/id",
    "sampleCount" : 2000,
    "errorCount" : 298,
    "errorPct" : 14.9,
    "meanResTime" : 1266.9884999999988,
    "medianResTime" : 21.0,
    "minResTime" : 2.0,
    "maxResTime" : 8857.0,
    "pct1ResTime" : 6075.400000000001,
    "pct2ResTime" : 6726.849999999999,
    "pct3ResTime" : 7231.91,
    "throughput" : 206.01565718994644,
    "receivedKBytesPerSec" : 122.87023266893284,
    "sentKBytesPerSec" : 21.743705255974454
  },
  "Put character/id" : {
    "transaction" : "Put character/id",
    "sampleCount" : 2000,
    "errorCount" : 61,
    "errorPct" : 3.05,
    "meanResTime" : 319.3125000000001,
    "medianResTime" : 12.0,
    "minResTime" : 2.0,
    "maxResTime" : 9053.0,
    "pct1ResTime" : 332.0,
    "pct2ResTime" : 362.9499999999998,
    "pct3ResTime" : 8796.91,
    "throughput" : 217.84119376974186,
    "receivedKBytesPerSec" : 72.7772539756018,
    "sentKBytesPerSec" : 50.13751225356715
  },
  "Total" : {
    "transaction" : "Total",
    "sampleCount" : 10000,
    "errorCount" : 1232,
    "errorPct" : 12.32,
    "meanResTime" : 616.5911000000023,
    "medianResTime" : 14.0,
    "minResTime" : 2.0,
    "maxResTime" : 9250.0,
    "pct1ResTime" : 755.5999999999804,
    "pct2ResTime" : 5819.54999999999,
    "pct3ResTime" : 8566.98,
    "throughput" : 978.1864423359092,
    "receivedKBytesPerSec" : 558.7634997371124,
    "sentKBytesPerSec" : 164.28010827301182
  },
  "Delete character/id" : {
    "transaction" : "Delete character/id",
    "sampleCount" : 2000,
    "errorCount" : 53,
    "errorPct" : 2.65,
    "meanResTime" : 127.80900000000008,
    "medianResTime" : 10.0,
    "minResTime" : 2.0,
    "maxResTime" : 8978.0,
    "pct1ResTime" : 377.0,
    "pct2ResTime" : 395.0,
    "pct3ResTime" : 413.0,
    "throughput" : 219.2261317549052,
    "receivedKBytesPerSec" : 66.82179484544558,
    "sentKBytesPerSec" : 44.39232828428149
  },
  "Post character" : {
    "transaction" : "Post character",
    "sampleCount" : 2000,
    "errorCount" : 116,
    "errorPct" : 5.8,
    "meanResTime" : 824.5220000000003,
    "medianResTime" : 15.0,
    "minResTime" : 3.0,
    "maxResTime" : 9250.0,
    "pct1ResTime" : 365.0,
    "pct2ResTime" : 8111.649999999999,
    "pct3ResTime" : 8848.93,
    "throughput" : 215.5636990730761,
    "receivedKBytesPerSec" : 85.48542671507867,
    "sentKBytesPerSec" : 47.80935495931235
  }
}