{
  "Get characters" : {
    "transaction" : "Get characters",
    "sampleCount" : 32007,
    "errorCount" : 12969,
    "errorPct" : 40.51926,
    "meanResTime" : 11275.455650326501,
    "medianResTime" : 514.0,
    "minResTime" : 1.0,
    "maxResTime" : 199257.0,
    "pct1ResTime" : 55984.80000000002,
    "pct2ResTime" : 119991.75,
    "pct3ResTime" : 128450.17000000045,
    "throughput" : 92.0683227669685,
    "receivedKBytesPerSec" : 4083.5106729153963,
    "sentKBytesPerSec" : 6.7677834131324
  },
  "Get character/id" : {
    "transaction" : "Get character/id",
    "sampleCount" : 29911,
    "errorCount" : 11623,
    "errorPct" : 38.858612,
    "meanResTime" : 10205.14436160603,
    "medianResTime" : 507.0,
    "minResTime" : 2.0,
    "maxResTime" : 214657.0,
    "pct1ResTime" : 42808.600000000006,
    "pct2ResTime" : 63592.85000000009,
    "pct3ResTime" : 124943.94,
    "throughput" : 86.19387931531324,
    "receivedKBytesPerSec" : 98.29610077409083,
    "sentKBytesPerSec" : 6.536408992096997
  },
  "Put character/id" : {
    "transaction" : "Put character/id",
    "sampleCount" : 26561,
    "errorCount" : 7906,
    "errorPct" : 29.765446,
    "meanResTime" : 9953.844584164712,
    "medianResTime" : 470.0,
    "minResTime" : 2.0,
    "maxResTime" : 211990.0,
    "pct1ResTime" : 46003.90000000009,
    "pct2ResTime" : 60086.9,
    "pct3ResTime" : 121945.96,
    "throughput" : 76.61200767244983,
    "receivedKBytesPerSec" : 71.78497580726575,
    "sentKBytesPerSec" : 12.774117469966397
  },
  "Total" : {
    "transaction" : "Total",
    "sampleCount" : 141108,
    "errorCount" : 48217,
    "errorPct" : 34.17028,
    "meanResTime" : 10195.892040139253,
    "medianResTime" : 146.0,
    "minResTime" : 1.0,
    "maxResTime" : 214657.0,
    "pct1ResTime" : 469.0,
    "pct2ResTime" : 10252.95,
    "pct3ResTime" : 60289.96000000001,
    "throughput" : 405.8933173784978,
    "receivedKBytesPerSec" : 4394.4460822486035,
    "sentKBytesPerSec" : 49.602500117755596
  },
  "Delete character/id" : {
    "transaction" : "Delete character/id",
    "sampleCount" : 24119,
    "errorCount" : 6045,
    "errorPct" : 25.063229,
    "meanResTime" : 8464.184792072643,
    "medianResTime" : 518.0,
    "minResTime" : 2.0,
    "maxResTime" : 172424.0,
    "pct1ResTime" : 33298.70000000005,
    "pct2ResTime" : 56228.9,
    "pct3ResTime" : 120199.99,
    "throughput" : 69.60288350268236,
    "receivedKBytesPerSec" : 56.6889031581237,
    "sentKBytesPerSec" : 10.84930351845332
  },
  "Post character" : {
    "transaction" : "Post character",
    "sampleCount" : 28510,
    "errorCount" : 9674,
    "errorPct" : 33.931953,
    "meanResTime" : 10664.70056120651,
    "medianResTime" : 485.0,
    "minResTime" : 2.0,
    "maxResTime" : 213440.0,
    "pct1ResTime" : 49447.0,
    "pct2ResTime" : 73524.0,
    "pct3ResTime" : 123504.97,
    "throughput" : 82.18246178414637,
    "receivedKBytesPerSec" : 84.95029952747247,
    "sentKBytesPerSec" : 12.783999804704953
  }
}