{
  "Get characters" : {
    "transaction" : "Get characters",
    "sampleCount" : 20000,
    "errorCount" : 9338,
    "errorPct" : 46.69,
    "meanResTime" : 2998.246299999991,
    "medianResTime" : 522.0,
    "minResTime" : 1.0,
    "maxResTime" : 89893.0,
    "pct1ResTime" : 6100.0,
    "pct2ResTime" : 10831.95,
    "pct3ResTime" : 47910.91000000002,
    "throughput" : 140.54221185333014,
    "receivedKBytesPerSec" : 292.94785395336453,
    "sentKBytesPerSec" : 9.219047554214157
  },
  "Get character/id" : {
    "transaction" : "Get character/id",
    "sampleCount" : 20000,
    "errorCount" : 8588,
    "errorPct" : 42.94,
    "meanResTime" : 2367.2677500000013,
    "medianResTime" : 503.0,
    "minResTime" : 1.0,
    "maxResTime" : 89980.0,
    "pct1ResTime" : 6205.0,
    "pct2ResTime" : 7617.650000000005,
    "pct3ResTime" : 23318.99,
    "throughput" : 140.88376385063503,
    "receivedKBytesPerSec" : 175.60509714155646,
    "sentKBytesPerSec" : 9.970030281203991
  },
  "Put character/id" : {
    "transaction" : "Put character/id",
    "sampleCount" : 20000,
    "errorCount" : 7372,
    "errorPct" : 36.86,
    "meanResTime" : 2330.818950000001,
    "medianResTime" : 472.0,
    "minResTime" : 2.0,
    "maxResTime" : 89951.0,
    "pct1ResTime" : 6099.0,
    "pct2ResTime" : 6896.0,
    "pct3ResTime" : 33673.870000000024,
    "throughput" : 141.51076896951858,
    "receivedKBytesPerSec" : 157.55690861101874,
    "sentKBytesPerSec" : 21.212001318261258
  },
  "Total" : {
    "transaction" : "Total",
    "sampleCount" : 100000,
    "errorCount" : 40069,
    "errorPct" : 40.069,
    "meanResTime" : 2499.967779999994,
    "medianResTime" : 4374.0,
    "minResTime" : 1.0,
    "maxResTime" : 89983.0,
    "pct1ResTime" : 7325.0,
    "pct2ResTime" : 10201.0,
    "pct3ResTime" : 66435.0,
    "throughput" : 702.646870762161,
    "receivedKBytesPerSec" : 935.9452565627219,
    "sentKBytesPerSec" : 79.44000636334573
  },
  "Delete character/id" : {
    "transaction" : "Delete character/id",
    "sampleCount" : 20000,
    "errorCount" : 6897,
    "errorPct" : 34.485,
    "meanResTime" : 2278.8509499999964,
    "medianResTime" : 452.0,
    "minResTime" : 2.0,
    "maxResTime" : 89964.0,
    "pct1ResTime" : 5676.9000000000015,
    "pct2ResTime" : 6894.0,
    "pct3ResTime" : 40797.890000001775,
    "throughput" : 141.64707215501858,
    "receivedKBytesPerSec" : 148.05879465645273,
    "sentKBytesPerSec" : 19.30314149967067
  },
  "Post character" : {
    "transaction" : "Post character",
    "sampleCount" : 20000,
    "errorCount" : 7874,
    "errorPct" : 39.37,
    "meanResTime" : 2524.65495,
    "medianResTime" : 485.0,
    "minResTime" : 2.0,
    "maxResTime" : 89983.0,
    "pct1ResTime" : 5880.60000000002,
    "pct2ResTime" : 7316.950000000001,
    "pct3ResTime" : 39528.91000000018,
    "throughput" : 141.07058466703813,
    "receivedKBytesPerSec" : 165.139609732636,
    "sentKBytesPerSec" : 20.138390794615336
  }
}