{
  "Get characters" : {
    "transaction" : "Get characters",
    "sampleCount" : 100,
    "errorCount" : 0,
    "errorPct" : 0.0,
    "meanResTime" : 45.579999999999984,
    "medianResTime" : 35.0,
    "minResTime" : 3.0,
    "maxResTime" : 124.0,
    "pct1ResTime" : 93.0,
    "pct2ResTime" : 111.94999999999999,
    "pct3ResTime" : 123.94999999999997,
    "throughput" : 132.1003963011889,
    "receivedKBytesPerSec" : 54.530114762219284,
    "sentKBytesPerSec" : 16.254540951122852
  },
  "Get character/id" : {
    "transaction" : "Get character/id",
    "sampleCount" : 100,
    "errorCount" : 0,
    "errorPct" : 0.0,
    "meanResTime" : 9.17,
    "medianResTime" : 7.0,
    "minResTime" : 1.0,
    "maxResTime" : 41.0,
    "pct1ResTime" : 23.900000000000006,
    "pct2ResTime" : 25.94999999999999,
    "pct3ResTime" : 40.86999999999993,
    "throughput" : 151.05740181268882,
    "receivedKBytesPerSec" : 37.91186744712991,
    "sentKBytesPerSec" : 18.734658232628398
  },
  "Put character/id" : {
    "transaction" : "Put character/id",
    "sampleCount" : 100,
    "errorCount" : 0,
    "errorPct" : 0.0,
    "meanResTime" : 12.78,
    "medianResTime" : 6.0,
    "minResTime" : 2.0,
    "maxResTime" : 66.0,
    "pct1ResTime" : 31.0,
    "pct2ResTime" : 34.94999999999999,
    "pct3ResTime" : 65.73999999999987,
    "throughput" : 157.72870662460568,
    "receivedKBytesPerSec" : 41.60402701104101,
    "sentKBytesPerSec" : 37.44516462933754
  },
  "Total" : {
    "transaction" : "Total",
    "sampleCount" : 500,
    "errorCount" : 0,
    "errorPct" : 0.0,
    "meanResTime" : 18.632000000000023,
    "medianResTime" : 7.0,
    "minResTime" : 1.0,
    "maxResTime" : 124.0,
    "pct1ResTime" : 53.0,
    "pct2ResTime" : 93.0,
    "pct3ResTime" : 111.99000000000001,
    "throughput" : 651.0416666666666,
    "receivedKBytesPerSec" : 186.65313720703125,
    "sentKBytesPerSec" : 120.82417805989583
  },
  "Delete character/id" : {
    "transaction" : "Delete character/id",
    "sampleCount" : 100,
    "errorCount" : 0,
    "errorPct" : 0.0,
    "meanResTime" : 11.759999999999994,
    "medianResTime" : 5.0,
    "minResTime" : 2.0,
    "maxResTime" : 36.0,
    "pct1ResTime" : 34.900000000000006,
    "pct2ResTime" : 35.0,
    "pct3ResTime" : 35.989999999999995,
    "throughput" : 164.74464579901152,
    "receivedKBytesPerSec" : 40.0599773476112,
    "sentKBytesPerSec" : 34.2681733937397
  },
  "Post character" : {
    "transaction" : "Post character",
    "sampleCount" : 100,
    "errorCount" : 0,
    "errorPct" : 0.0,
    "meanResTime" : 13.870000000000001,
    "medianResTime" : 7.0,
    "minResTime" : 2.0,
    "maxResTime" : 63.0,
    "pct1ResTime" : 28.80000000000001,
    "pct2ResTime" : 60.64999999999992,
    "pct3ResTime" : 63.0,
    "throughput" : 151.74506828528072,
    "receivedKBytesPerSec" : 39.877536987860395,
    "sentKBytesPerSec" : 35.72825777693475
  }
}