{
  "Get characters" : {
    "transaction" : "Get characters",
    "sampleCount" : 17295,
    "errorCount" : 10267,
    "errorPct" : 59.36398,
    "meanResTime" : 9782.13807458802,
    "medianResTime" : 2299.0,
    "minResTime" : 1.0,
    "maxResTime" : 100442.0,
    "pct1ResTime" : 26437.4,
    "pct2ResTime" : 31376.2,
    "pct3ResTime" : 56419.0,
    "throughput" : 87.2378953952313,
    "receivedKBytesPerSec" : 1798.2027931920898,
    "sentKBytesPerSec" : 4.4191139010648115
  },
  "Get character/id" : {
    "transaction" : "Get character/id",
    "sampleCount" : 16110,
    "errorCount" : 9346,
    "errorPct" : 58.013657,
    "meanResTime" : 9239.286157666074,
    "medianResTime" : 2846.0,
    "minResTime" : 1.0,
    "maxResTime" : 100703.0,
    "pct1ResTime" : 25647.9,
    "pct2ResTime" : 30469.899999999998,
    "pct3ResTime" : 45293.45,
    "throughput" : 81.5617738040391,
    "receivedKBytesPerSec" : 126.76157400522227,
    "sentKBytesPerSec" : 4.267251663131142
  },
  "Put character/id" : {
    "transaction" : "Put character/id",
    "sampleCount" : 14410,
    "errorCount" : 7743,
    "errorPct" : 53.733517,
    "meanResTime" : 10633.785634975718,
    "medianResTime" : 5050.5,
    "minResTime" : 2.0,
    "maxResTime" : 96905.0,
    "pct1ResTime" : 26977.299999999996,
    "pct2ResTime" : 30659.449999999997,
    "pct3ResTime" : 48655.78,
    "throughput" : 73.22675393574745,
    "receivedKBytesPerSec" : 107.6117425782322,
    "sentKBytesPerSec" : 8.083976891458233
  },
  "Total" : {
    "transaction" : "Total",
    "sampleCount" : 76512,
    "errorCount" : 42944,
    "errorPct" : 56.127144,
    "meanResTime" : 9929.490589711464,
    "medianResTime" : 24338.0,
    "minResTime" : 1.0,
    "maxResTime" : 101060.0,
    "pct1ResTime" : 30604.0,
    "pct2ResTime" : 33604.9,
    "pct3ResTime" : 58449.600000000064,
    "throughput" : 385.8493658438186,
    "receivedKBytesPerSec" : 2245.2776964639174,
    "sentKBytesPerSec" : 31.464381311619054
  },
  "Delete character/id" : {
    "transaction" : "Delete character/id",
    "sampleCount" : 13493,
    "errorCount" : 7225,
    "errorPct" : 53.546284,
    "meanResTime" : 10669.586304009506,
    "medianResTime" : 6285.0,
    "minResTime" : 2.0,
    "maxResTime" : 101060.0,
    "pct1ResTime" : 25821.4,
    "pct2ResTime" : 30466.899999999998,
    "pct3ResTime" : 50601.57999999995,
    "throughput" : 68.66911289460694,
    "receivedKBytesPerSec" : 99.27850980219398,
    "sentKBytesPerSec" : 6.693538184248294
  },
  "Post character" : {
    "transaction" : "Post character",
    "sampleCount" : 15204,
    "errorCount" : 8363,
    "errorPct" : 55.00526,
    "meanResTime" : 9504.119113391194,
    "medianResTime" : 3554.0,
    "minResTime" : 2.0,
    "maxResTime" : 96554.0,
    "pct1ResTime" : 26217.5,
    "pct2ResTime" : 30558.0,
    "pct3ResTime" : 46279.0,
    "throughput" : 77.00723272351547,
    "receivedKBytesPerSec" : 116.54411014043791,
    "sentKBytesPerSec" : 8.175943525686804
  }
}