{
  "Get characters" : {
    "transaction" : "Get characters",
    "sampleCount" : 33404,
    "errorCount" : 843,
    "errorPct" : 2.52365,
    "meanResTime" : 1507.8838761824923,
    "medianResTime" : 220.0,
    "minResTime" : 2.0,
    "maxResTime" : 136685.0,
    "pct1ResTime" : 295.0,
    "pct2ResTime" : 312.0,
    "pct3ResTime" : 60682.95000000001,
    "throughput" : 242.3952165331476,
    "receivedKBytesPerSec" : 6974.33959578272,
    "sentKBytesPerSec" : 29.504534841954026
  },
  "Get character/id" : {
    "transaction" : "Get character/id",
    "sampleCount" : 33092,
    "errorCount" : 561,
    "errorPct" : 1.6952738,
    "meanResTime" : 1018.1991720053195,
    "medianResTime" : 219.0,
    "minResTime" : 2.0,
    "maxResTime" : 65183.0,
    "pct1ResTime" : 293.0,
    "pct2ResTime" : 310.0,
    "pct3ResTime" : 60087.77000000003,
    "throughput" : 262.88946440204006,
    "receivedKBytesPerSec" : 67.63667002971131,
    "sentKBytesPerSec" : 32.51578102905194
  },
  "Put character/id" : {
    "transaction" : "Put character/id",
    "sampleCount" : 32675,
    "errorCount" : 129,
    "errorPct" : 0.39479724,
    "meanResTime" : 383.0461514919665,
    "medianResTime" : 219.0,
    "minResTime" : 2.0,
    "maxResTime" : 65199.0,
    "pct1ResTime" : 291.0,
    "pct2ResTime" : 301.0,
    "pct3ResTime" : 457.9700000000048,
    "throughput" : 261.2850345847827,
    "receivedKBytesPerSec" : 69.63770316060933,
    "sentKBytesPerSec" : 61.95529435798248
  },
  "Total" : {
    "transaction" : "Total",
    "sampleCount" : 164537,
    "errorCount" : 1778,
    "errorPct" : 1.080608,
    "meanResTime" : 734.0229735560896,
    "medianResTime" : 269.0,
    "minResTime" : 2.0,
    "maxResTime" : 136685.0,
    "pct1ResTime" : 296.0,
    "pct2ResTime" : 310.0,
    "pct3ResTime" : 60968.92000000001,
    "throughput" : 1193.9582607686057,
    "receivedKBytesPerSec" : 7220.73641690341,
    "sentKBytesPerSec" : 220.48603316072
  },
  "Delete character/id" : {
    "transaction" : "Delete character/id",
    "sampleCount" : 32541,
    "errorCount" : 88,
    "errorPct" : 0.27042806,
    "meanResTime" : 352.5041332472882,
    "medianResTime" : 219.0,
    "minResTime" : 2.0,
    "maxResTime" : 65185.0,
    "pct1ResTime" : 291.0,
    "pct2ResTime" : 300.0,
    "pct3ResTime" : 370.0,
    "throughput" : 260.4321728691477,
    "receivedKBytesPerSec" : 63.569763843037215,
    "sentKBytesPerSec" : 54.150285114045616
  },
  "Post character" : {
    "transaction" : "Post character",
    "sampleCount" : 32825,
    "errorCount" : 157,
    "errorPct" : 0.478294,
    "meanResTime" : 387.6151713632897,
    "medianResTime" : 219.0,
    "minResTime" : 2.0,
    "maxResTime" : 65198.0,
    "pct1ResTime" : 292.0,
    "pct2ResTime" : 304.0,
    "pct3ResTime" : 1691.7300000000432,
    "throughput" : 262.29573694514363,
    "receivedKBytesPerSec" : 70.23771955781294,
    "sentKBytesPerSec" : 61.6233918654361
  }
}